{
  "episode_rewards": [
    -218206.3864528653,
    -101454.49451766863,
    -42324.57451786842,
    -25819.544345136866,
    -96711.64543877382,
    -16803.103885683387,
    -134645.82759157207,
    -2477.006099120056,
    -132.2138,
    -52949.67287905032,
    -41344.096382669944,
    -28063.14521901832,
    -16311.22972386114,
    -528.6490633713861,
    -131.5870000000001,
    -161.5043999999999,
    -155.85199999999998,
    -121.04800000000014,
    -119.59440000000016,
    -4809.488679642267,
    -1501.5490446784804,
    -147.8898,
    -119.35519999999998,
    -134.7059157894735,
    -200.9929999999999,
    -126.27800000000006,
    -134.4748000000002,
    -332.53040848762214,
    -138.46480000000008,
    -122.55020000000007,
    -115.56240000000018,
    -120.54040000000018,
    -5387.9405100769045,
    -191.94240854700826,
    -140.73439999999994,
    -140.17800000000008,
    -130.93900000000002,
    -148.86640000000008,
    -110.28680000000001,
    -1075.1443862638464,
    -128.39999999999995,
    -143.09498245614031,
    -123.8716000000001,
    -127.734,
    -118.21339999999994,
    -133.45600000000005,
    -160.024,
    -106.53499999999991,
    -116.88160000000023,
    -130.73420000000007
  ],
  "episode_costs": [
    51.59659999999996,
    79.20739999999994,
    79.5069,
    88.17149999999988,
    155.00949999999997,
    88.9274,
    79.34989999999993,
    101.80299999999993,
    99.47490000000003,
    86.70579999999995,
    85.86789999999985,
    93.1961,
    85.07079999999996,
    91.83490000000002,
    110.3655,
    144.8201999999999,
    138.67799999999988,
    92.27600000000004,
    100.3412000000001,
    93.33909999999999,
    148.8371,
    128.20490000000007,
    100.84559999999996,
    109.03579999999991,
    162.33649999999994,
    101.759,
    100.42540000000002,
    102.7896,
    115.38840000000003,
    103.06709999999993,
    98.08520000000016,
    96.25020000000013,
    103.45030000000003,
    102.79319999999996,
    115.56719999999987,
    124.22099999999995,
    114.79749999999993,
    114.82519999999994,
    98.81539999999997,
    92.76939999999999,
    108.968,
    106.70299999999992,
    104.49180000000008,
    101.67099999999999,
    106.0426999999999,
    94.9200000000001,
    126.876,
    102.65149999999994,
    97.49680000000015,
    102.01110000000011
  ],
  "episode_sla": [
    0.7152317880794702,
    0.9052287581699346,
    0.9521452145214522,
    0.9571428571428572,
    0.9235993208828522,
    0.9724473257698542,
    0.8651488616462347,
    0.9822064056939501,
    1.0,
    0.9463986599664992,
    0.9571428571428572,
    0.9623655913978495,
    0.9537671232876712,
    0.9931856899488927,
    1.0,
    1.0,
    0.9949409780775716,
    0.9932088285229203,
    1.0,
    0.9833055091819699,
    0.99,
    1.0,
    0.9983221476510067,
    0.9982608695652174,
    1.0,
    1.0,
    0.99830220713073,
    0.9914529914529915,
    0.9982905982905983,
    1.0,
    1.0,
    1.0,
    0.9843478260869565,
    0.9983164983164983,
    0.9931740614334471,
    0.9917627677100495,
    1.0,
    1.0,
    1.0,
    0.9930795847750865,
    1.0,
    0.9982363315696648,
    0.9983416252072969,
    0.998371335504886,
    0.9967105263157895,
    1.0,
    1.0,
    1.0,
    1.0,
    1.0
  ],
  "best_reward": -106.53499999999991,
  "config": {
    "data_path": "data/raw/spot_prices/spot_prices_ap-southeast-1_synthetic.csv",
    "episodes": 50,
    "max_steps": 200,
    "lr": 0.0001,
    "gamma": 0.99,
    "epsilon_decay": 10000,
    "batch_size": 64,
    "buffer_size": 50000,
    "save_dir": "results/models",
    "seed": 42
  }
}