{
  "avg_cost": 520.6908442688767,
  "cost_savings_pct": 53.22251894877256,
  "avg_sla_compliance": 0.9939187392396505,
  "sla_violation_rate_pct": 0.0,
  "num_episodes": 100,
  "agent_name": "DQN",
  "avg_reward": 483.9530404930283,
  "avg_baseline_cost": 1113.122879999999
}